-- MySQL Script generated by MySQL Workbench
-- Fri Apr 22 13:14:51 2022
-- Model: New Model    Version: 1.0
-- MySQL Workbench Forward Engineering

SET @OLD_UNIQUE_CHECKS=@@UNIQUE_CHECKS, UNIQUE_CHECKS=0;
SET @OLD_FOREIGN_KEY_CHECKS=@@FOREIGN_KEY_CHECKS, FOREIGN_KEY_CHECKS=0;
SET @OLD_SQL_MODE=@@SQL_MODE, SQL_MODE='ONLY_FULL_GROUP_BY,STRICT_TRANS_TABLES,NO_ZERO_IN_DATE,NO_ZERO_DATE,ERROR_FOR_DIVISION_BY_ZERO,NO_ENGINE_SUBSTITUTION';

-- -----------------------------------------------------
-- Schema dbFPJ
-- -----------------------------------------------------

-- -----------------------------------------------------
-- Schema dbFPJ
-- -----------------------------------------------------
CREATE SCHEMA IF NOT EXISTS `dbFPJ` DEFAULT CHARACTER SET utf8 ;
USE `dbFPJ` ;

-- -----------------------------------------------------
-- Table `dbFPJ`.`fornecedores`
-- -----------------------------------------------------
CREATE TABLE IF NOT EXISTS `dbFPJ`.`fornecedores` (
  `idfornecedores` INT NULL AUTO_INCREMENT,
  `f_nome` VARCHAR(45) NULL,
  `Status` VARCHAR(45) NULL,
  `f_cidade` VARCHAR(45) NULL,
  PRIMARY KEY (`idfornecedores`),
  UNIQUE INDEX `idfornecedores_UNIQUE` (`idfornecedores` ASC) VISIBLE)
ENGINE = InnoDB;


-- -----------------------------------------------------
-- Table `dbFPJ`.`pecas`
-- -----------------------------------------------------
CREATE TABLE IF NOT EXISTS `dbFPJ`.`pecas` (
  `idpecas` INT NOT NULL,
  `p_nome` VARCHAR(45) NULL,
  `cor` VARCHAR(45) NULL,
  `peso` VARCHAR(45) NULL,
  `cidade` VARCHAR(45) NULL,
  PRIMARY KEY (`idpecas`),
  UNIQUE INDEX `idpecas_UNIQUE` (`idpecas` ASC) VISIBLE)
ENGINE = InnoDB;


-- -----------------------------------------------------
-- Table `dbFPJ`.`projetos`
-- -----------------------------------------------------
CREATE TABLE IF NOT EXISTS `dbFPJ`.`projetos` (
  `idprojetos` INT NOT NULL AUTO_INCREMENT,
  `Nome` VARCHAR(45) NULL,
  `Cidade` VARCHAR(45) NULL,
  PRIMARY KEY (`idprojetos`),
  UNIQUE INDEX `idprojetos_UNIQUE` (`idprojetos` ASC) VISIBLE)
ENGINE = InnoDB;


-- -----------------------------------------------------
-- Table `dbFPJ`.`fornecimentos_pra_projetos`
-- -----------------------------------------------------
CREATE TABLE IF NOT EXISTS `dbFPJ`.`fornecimentos_pra_projetos` (
  `idfornecimentos_pra_projetos` INT NOT NULL AUTO_INCREMENT,
  `Quantidade` VARCHAR(45) NOT NULL,
  `fornecedores_idfornecedores` VARCHAR(45) NOT NULL,
  `pecas_idpecas` INT NOT NULL,
  `projetos_idprojetos` INT NOT NULL,
  PRIMARY KEY (`idfornecimentos_pra_projetos`, `fornecedores_idfornecedores`, `pecas_idpecas`, `projetos_idprojetos`),
  UNIQUE INDEX `idfornecimentos_pra_projetos_UNIQUE` (`idfornecimentos_pra_projetos` ASC) VISIBLE,
  INDEX `fk_fornecimentos_pra_projetos_fornecedores_idx` (`fornecedores_idfornecedores` ASC) VISIBLE,
  INDEX `fk_fornecimentos_pra_projetos_pecas1_idx` (`pecas_idpecas` ASC) VISIBLE,
  INDEX `fk_fornecimentos_pra_projetos_projetos1_idx` (`projetos_idprojetos` ASC) VISIBLE,
  CONSTRAINT `fk_fornecimentos_pra_projetos_fornecedores`
    FOREIGN KEY (`fornecedores_idfornecedores`)
    REFERENCES `dbFPJ`.`fornecedores` (`idfornecedores`)
    ON DELETE NO ACTION
    ON UPDATE NO ACTION,
  CONSTRAINT `fk_fornecimentos_pra_projetos_pecas1`
    FOREIGN KEY (`pecas_idpecas`)
    REFERENCES `dbFPJ`.`pecas` (`idpecas`)
    ON DELETE NO ACTION
    ON UPDATE NO ACTION,
  CONSTRAINT `fk_fornecimentos_pra_projetos_projetos1`
    FOREIGN KEY (`projetos_idprojetos`)
    REFERENCES `dbFPJ`.`projetos` (`idprojetos`)
    ON DELETE NO ACTION
    ON UPDATE NO ACTION)
ENGINE = InnoDB;


SET SQL_MODE=@OLD_SQL_MODE;
SET FOREIGN_KEY_CHECKS=@OLD_FOREIGN_KEY_CHECKS;
SET UNIQUE_CHECKS=@OLD_UNIQUE_CHECKS;

-- -----------------------------------------------------
-- Data for table `dbFPJ`.`fornecedores`
-- -----------------------------------------------------
START TRANSACTION;
USE `dbFPJ`;
INSERT INTO `dbFPJ`.`fornecedores` (`idfornecedores`, `f_nome`, `Status`, `f_cidade`) VALUES (1, 'Smith', '20', 'Londres');
INSERT INTO `dbFPJ`.`fornecedores` (`idfornecedores`, `f_nome`, `Status`, `f_cidade`) VALUES (2, 'Jones', '10', 'Paris');
INSERT INTO `dbFPJ`.`fornecedores` (`idfornecedores`, `f_nome`, `Status`, `f_cidade`) VALUES (3, 'Blake', '30', 'Paris');
INSERT INTO `dbFPJ`.`fornecedores` (`idfornecedores`, `f_nome`, `Status`, `f_cidade`) VALUES (4, 'Clark', '20', 'Londres');
INSERT INTO `dbFPJ`.`fornecedores` (`idfornecedores`, `f_nome`, `Status`, `f_cidade`) VALUES (5, 'Adams', '30', 'Atenas');

COMMIT;


-- -----------------------------------------------------
-- Data for table `dbFPJ`.`pecas`
-- -----------------------------------------------------
START TRANSACTION;
USE `dbFPJ`;
INSERT INTO `dbFPJ`.`pecas` (`idpecas`, `p_nome`, `cor`, `peso`, `cidade`) VALUES (1, 'Porca', 'Vemelho', '12', 'Londres');
INSERT INTO `dbFPJ`.`pecas` (`idpecas`, `p_nome`, `cor`, `peso`, `cidade`) VALUES (2, 'Pino', 'Verde', '17', 'Paris');
INSERT INTO `dbFPJ`.`pecas` (`idpecas`, `p_nome`, `cor`, `peso`, `cidade`) VALUES (3, 'Parafuso', 'Azul', '17', 'Oslo');
INSERT INTO `dbFPJ`.`pecas` (`idpecas`, `p_nome`, `cor`, `peso`, `cidade`) VALUES (4, 'Parafuso', 'Vermelho', '14', 'Londres');
INSERT INTO `dbFPJ`.`pecas` (`idpecas`, `p_nome`, `cor`, `peso`, `cidade`) VALUES (5, 'Came', 'Azul', '12', 'Paris');
INSERT INTO `dbFPJ`.`pecas` (`idpecas`, `p_nome`, `cor`, `peso`, `cidade`) VALUES (6, 'Tubo', 'Vermelho', '19', 'Londres');

COMMIT;


-- -----------------------------------------------------
-- Data for table `dbFPJ`.`projetos`
-- -----------------------------------------------------
START TRANSACTION;
USE `dbFPJ`;
INSERT INTO `dbFPJ`.`projetos` (`idprojetos`, `Nome`, `Cidade`) VALUES (1, 'Classificador', 'Paris');
INSERT INTO `dbFPJ`.`projetos` (`idprojetos`, `Nome`, `Cidade`) VALUES (2, 'Monitor', 'Roma');
INSERT INTO `dbFPJ`.`projetos` (`idprojetos`, `Nome`, `Cidade`) VALUES (3, 'OCR', 'Atenas');
INSERT INTO `dbFPJ`.`projetos` (`idprojetos`, `Nome`, `Cidade`) VALUES (4, 'Consola', 'Atenas');
INSERT INTO `dbFPJ`.`projetos` (`idprojetos`, `Nome`, `Cidade`) VALUES (5, 'RAID', 'Londres');
INSERT INTO `dbFPJ`.`projetos` (`idprojetos`, `Nome`, `Cidade`) VALUES (6, 'EDS', 'Oslo');
INSERT INTO `dbFPJ`.`projetos` (`idprojetos`, `Nome`, `Cidade`) VALUES (7, 'Fita', 'Londres');

COMMIT;


-- -----------------------------------------------------
-- Data for table `dbFPJ`.`fornecimentos_pra_projetos`
-- -----------------------------------------------------
START TRANSACTION;
USE `dbFPJ`;
INSERT INTO `dbFPJ`.`fornecimentos_pra_projetos` (`idfornecimentos_pra_projetos`, `Quantidade`, `fornecedores_idfornecedores`, `pecas_idpecas`, `projetos_idprojetos`) VALUES (1, '200', '1', 1, 1);
INSERT INTO `dbFPJ`.`fornecimentos_pra_projetos` (`idfornecimentos_pra_projetos`, `Quantidade`, `fornecedores_idfornecedores`, `pecas_idpecas`, `projetos_idprojetos`) VALUES (2, '700', '1', 1, 4);
INSERT INTO `dbFPJ`.`fornecimentos_pra_projetos` (`idfornecimentos_pra_projetos`, `Quantidade`, `fornecedores_idfornecedores`, `pecas_idpecas`, `projetos_idprojetos`) VALUES (3, '400', '2', 3, 1);
INSERT INTO `dbFPJ`.`fornecimentos_pra_projetos` (`idfornecimentos_pra_projetos`, `Quantidade`, `fornecedores_idfornecedores`, `pecas_idpecas`, `projetos_idprojetos`) VALUES (4, '200', '2', 3, 2);
INSERT INTO `dbFPJ`.`fornecimentos_pra_projetos` (`idfornecimentos_pra_projetos`, `Quantidade`, `fornecedores_idfornecedores`, `pecas_idpecas`, `projetos_idprojetos`) VALUES (5, '500', '2', 3, 3);
INSERT INTO `dbFPJ`.`fornecimentos_pra_projetos` (`idfornecimentos_pra_projetos`, `Quantidade`, `fornecedores_idfornecedores`, `pecas_idpecas`, `projetos_idprojetos`) VALUES (6, '600', '2', 3, 4);
INSERT INTO `dbFPJ`.`fornecimentos_pra_projetos` (`idfornecimentos_pra_projetos`, `Quantidade`, `fornecedores_idfornecedores`, `pecas_idpecas`, `projetos_idprojetos`) VALUES (7, '400', '2', 3, 5);
INSERT INTO `dbFPJ`.`fornecimentos_pra_projetos` (`idfornecimentos_pra_projetos`, `Quantidade`, `fornecedores_idfornecedores`, `pecas_idpecas`, `projetos_idprojetos`) VALUES (8, '500', '2', 3, 6);
INSERT INTO `dbFPJ`.`fornecimentos_pra_projetos` (`idfornecimentos_pra_projetos`, `Quantidade`, `fornecedores_idfornecedores`, `pecas_idpecas`, `projetos_idprojetos`) VALUES (9, '600', '2', 3, 7);
INSERT INTO `dbFPJ`.`fornecimentos_pra_projetos` (`idfornecimentos_pra_projetos`, `Quantidade`, `fornecedores_idfornecedores`, `pecas_idpecas`, `projetos_idprojetos`) VALUES (10, '400', '2', 5, 2);
INSERT INTO `dbFPJ`.`fornecimentos_pra_projetos` (`idfornecimentos_pra_projetos`, `Quantidade`, `fornecedores_idfornecedores`, `pecas_idpecas`, `projetos_idprojetos`) VALUES (11, '800', '3', 3, 1);
INSERT INTO `dbFPJ`.`fornecimentos_pra_projetos` (`idfornecimentos_pra_projetos`, `Quantidade`, `fornecedores_idfornecedores`, `pecas_idpecas`, `projetos_idprojetos`) VALUES (12, '100', '3', 4, 2);
INSERT INTO `dbFPJ`.`fornecimentos_pra_projetos` (`idfornecimentos_pra_projetos`, `Quantidade`, `fornecedores_idfornecedores`, `pecas_idpecas`, `projetos_idprojetos`) VALUES (13, '200', '4', 6, 3);
INSERT INTO `dbFPJ`.`fornecimentos_pra_projetos` (`idfornecimentos_pra_projetos`, `Quantidade`, `fornecedores_idfornecedores`, `pecas_idpecas`, `projetos_idprojetos`) VALUES (14, '500', '4', 6, 7);
INSERT INTO `dbFPJ`.`fornecimentos_pra_projetos` (`idfornecimentos_pra_projetos`, `Quantidade`, `fornecedores_idfornecedores`, `pecas_idpecas`, `projetos_idprojetos`) VALUES (15, '300', '5', 1, 4);
INSERT INTO `dbFPJ`.`fornecimentos_pra_projetos` (`idfornecimentos_pra_projetos`, `Quantidade`, `fornecedores_idfornecedores`, `pecas_idpecas`, `projetos_idprojetos`) VALUES (16, '300', '5', 2, 2);
INSERT INTO `dbFPJ`.`fornecimentos_pra_projetos` (`idfornecimentos_pra_projetos`, `Quantidade`, `fornecedores_idfornecedores`, `pecas_idpecas`, `projetos_idprojetos`) VALUES (17, '100', '5', 2, 4);
INSERT INTO `dbFPJ`.`fornecimentos_pra_projetos` (`idfornecimentos_pra_projetos`, `Quantidade`, `fornecedores_idfornecedores`, `pecas_idpecas`, `projetos_idprojetos`) VALUES (18, '200', '5', 3, 4);
INSERT INTO `dbFPJ`.`fornecimentos_pra_projetos` (`idfornecimentos_pra_projetos`, `Quantidade`, `fornecedores_idfornecedores`, `pecas_idpecas`, `projetos_idprojetos`) VALUES (19, '800', '5', 4, 4);
INSERT INTO `dbFPJ`.`fornecimentos_pra_projetos` (`idfornecimentos_pra_projetos`, `Quantidade`, `fornecedores_idfornecedores`, `pecas_idpecas`, `projetos_idprojetos`) VALUES (20, '400', '5', 5, 4);
INSERT INTO `dbFPJ`.`fornecimentos_pra_projetos` (`idfornecimentos_pra_projetos`, `Quantidade`, `fornecedores_idfornecedores`, `pecas_idpecas`, `projetos_idprojetos`) VALUES (21, '500', '5', 5, 5);
INSERT INTO `dbFPJ`.`fornecimentos_pra_projetos` (`idfornecimentos_pra_projetos`, `Quantidade`, `fornecedores_idfornecedores`, `pecas_idpecas`, `projetos_idprojetos`) VALUES (22, '100', '5', 5, 7);
INSERT INTO `dbFPJ`.`fornecimentos_pra_projetos` (`idfornecimentos_pra_projetos`, `Quantidade`, `fornecedores_idfornecedores`, `pecas_idpecas`, `projetos_idprojetos`) VALUES (23, '200', '5', 6, 2);
INSERT INTO `dbFPJ`.`fornecimentos_pra_projetos` (`idfornecimentos_pra_projetos`, `Quantidade`, `fornecedores_idfornecedores`, `pecas_idpecas`, `projetos_idprojetos`) VALUES (24, '500', '5', 6, 4);

COMMIT;

